,City,Cloudiness,Country,Date,Humidity,Lat,Lng,Max Temp,Wind Speed
0,Puerto Ayora,0,EC,1553270472,74,-0.74,-90.35,82.4,8.05
1,Mawlaik,0,MM,1553270953,78,23.63,94.42,68.77,1.97
2,Moerai,92,PF,1553270953,100,-22.43,-151.33,75.25,18.97
3,Chokurdakh,0,RU,1553270444,27,70.62,147.9,-18.99,9.13
4,Samana,90,EC,1553270400,100,0.12,-76.97,73.4,4.7
5,Ushuaia,75,AR,1553270400,93,-54.81,-68.31,46.4,5.82
6,Pochinki,36,RU,1553270953,96,54.7,44.85,32.59,7.45
7,Dunedin,64,NZ,1553270729,96,-45.87,170.5,59.0,2.86
8,Hasaki,75,JP,1553268698,57,35.73,140.83,50.0,5.82
9,Saint-Philippe,90,CA,1553270947,100,45.36,-73.48,37.0,13.87
10,Punta Arenas,40,CL,1553270594,50,-53.16,-70.91,57.2,10.29
11,Hermanus,56,ZA,1553270500,71,-34.42,19.24,75.99,8.01
12,Provideniya,88,RU,1553270947,100,64.42,-173.23,11.53,26.91
13,Busselton,12,AU,1553270867,48,-33.64,115.35,57.0,20.09
14,Bredasdorp,68,ZA,1553270433,56,-34.53,20.04,73.4,12.75
15,Cidreira,80,BR,1553270954,82,-30.17,-50.22,70.3,11.7
16,Hithadhoo,36,MV,1553270955,100,-0.6,73.08,85.87,6.44
17,Kapaa,20,US,1553270584,73,22.08,-159.32,71.6,11.41
18,Tuktoyaktuk,40,CA,1553266800,83,69.44,-133.03,-4.01,8.05
19,Jamestown,12,AU,1553270955,87,-33.21,138.6,61.66,2.98
20,Hobart,75,AU,1553270775,82,-42.88,147.33,62.6,9.17
21,Coquimbo,75,CL,1553270400,82,-29.95,-71.34,59.0,14.99
22,Ambon,0,FR,1553270907,36,47.55,-2.56,63.0,5.82
23,Stanceni,8,RO,1553270843,55,46.98,25.23,51.01,2.64
24,Maun,20,BW,1553266800,16,-19.99,23.42,100.4,3.36
25,Ancud,75,CL,1553270400,77,-41.87,-73.83,59.0,12.75
26,Kpandu,36,GH,1553270956,58,7.0,0.29,91.27,4.65
27,Saldanha,0,PT,1553270956,27,41.42,-6.55,64.99,3.98
28,Bend,1,US,1553270749,80,44.06,-121.32,45.0,5.82
29,Genhe,8,CN,1553270957,66,50.78,121.52,0.37,5.21
30,Arraial do Cabo,75,BR,1553270400,39,-22.97,-42.02,80.6,14.99
31,Salalah,20,OM,1553269800,74,17.01,54.1,78.8,5.82
32,Port Alfred,8,ZA,1553270703,91,-33.59,26.89,71.01,1.99
33,Mayahi,0,NE,1553270957,14,13.95,7.67,105.4,4.76
34,Gao,12,ML,1553270957,14,16.28,-0.04,96.04,10.47
35,Severo-Kurilsk,92,RU,1553270958,96,50.68,156.12,29.98,32.84
36,Ribeira Grande,40,PT,1553268600,82,38.52,-28.7,62.6,10.29
37,Dikson,48,RU,1553270689,87,73.51,80.55,6.49,12.03
38,Rikitea,24,PF,1553270710,98,-23.12,-134.97,79.03,15.5
39,Cabo San Lucas,0,MX,1553270709,59,22.89,-109.91,73.99,1.99
40,Thompson,75,CA,1553266800,68,55.74,-97.86,24.8,6.93
41,Albany,90,US,1553270938,86,42.65,-73.75,39.99,8.05
42,Barrow,44,AR,1553270959,57,-38.31,-60.23,64.0,11.48
43,Dukat,8,RS,1553270746,26,42.44,22.31,57.99,5.01
44,Luderitz,0,NA,1553270959,81,-26.65,15.16,66.07,10.69
45,Khatanga,8,RU,1553270959,64,71.98,102.47,-14.31,7.9
46,Bereda,0,ES,1553270638,63,43.27,-7.54,69.01,9.17
47,Grindavik,90,IS,1553270498,86,63.84,-22.43,35.01,29.97
48,Arman,80,RU,1553270960,81,59.7,150.17,14.05,2.98
49,Beroroha,92,MG,1553270960,90,-21.68,45.17,73.99,3.42
50,Geraldton,20,CA,1553267580,61,49.72,-86.95,17.6,6.93
51,Corozal,20,BZ,1553270426,61,18.39,-88.39,80.6,7.9
52,Valparaiso,40,US,1553270861,60,41.47,-87.06,45.0,13.87
53,Bathsheba,75,BB,1553266800,83,13.22,-59.52,78.8,20.8
54,Elizabethtown,75,US,1553270959,48,40.15,-76.6,46.0,17.22
55,Saskylakh,56,RU,1553270961,77,71.97,114.09,-1.17,20.65
56,Cape Town,0,ZA,1553270779,60,-33.93,18.42,75.99,17.22
57,Vaini,0,IN,1553270962,45,15.34,74.49,78.4,3.65
58,Nikolskoye,75,RU,1553270435,55,59.7,30.79,39.99,13.42
59,Rostovka,68,RU,1553268600,86,55.02,73.58,28.4,2.24
60,San Carlos,0,VE,1553270964,53,9.66,-68.59,88.84,3.98
61,Vila,0,IT,1553270964,24,45.18,8.4,71.01,8.05
62,Upernavik,32,GL,1553270965,100,72.79,-56.15,-11.34,7.45
63,Eureka,90,US,1553270921,100,40.8,-124.16,53.01,20.8
64,Mataura,56,NZ,1553270407,89,-46.19,168.86,61.0,4.32
65,Tasiilaq,75,GL,1553266200,67,65.61,-37.64,19.4,10.29
66,Port Elizabeth,75,US,1553270936,86,39.31,-74.98,48.0,21.92
67,Mahebourg,75,MU,1553270941,78,-20.41,57.7,82.4,12.75
68,Kodiak,1,US,1553270824,20,39.95,-94.76,55.0,4.7
69,Pisco,0,PE,1553270400,30,-13.71,-76.2,71.6,9.17
70,Kuusamo,0,FI,1553269800,62,65.96,29.19,32.0,5.82
71,Lebu,0,ET,1553270968,14,8.96,38.73,75.16,9.69
72,Narsaq,90,GL,1553266200,78,60.91,-46.05,15.8,6.93
73,Bluff,48,AU,1553270968,69,-23.58,149.07,75.07,7.67
74,Bubaque,36,GW,1553270968,91,11.28,-15.83,80.65,6.44
75,Kisangani,24,CD,1553270968,56,0.52,25.21,90.55,1.97
76,Taiyuan,0,CN,1553270400,23,37.86,112.56,37.4,4.47
77,Gayeri,20,BF,1553270969,19,12.65,0.49,103.24,6.89
78,Leeton,8,AU,1553266800,64,-34.55,146.4,69.8,8.05
79,Durban,0,FR,1553270963,31,43.54,0.58,69.01,3.36
80,Carnarvon,88,ZA,1553270969,17,-30.97,22.13,80.83,4.43
81,Ust-Omchug,56,RU,1553270970,73,61.13,149.63,-1.89,2.53
82,Kedougou,68,SN,1553266800,33,12.56,-12.19,100.4,13.87
83,East London,40,ZA,1553266800,83,-33.02,27.91,71.6,12.75
84,Bambanglipuro,76,ID,1553270971,100,-7.95,110.28,73.0,2.98
85,Naples,1,US,1553270614,30,26.14,-81.79,72.0,9.17
86,Hokota,75,JP,1553270539,61,36.26,140.53,48.2,5.82
87,Talcahuano,0,CL,1553270400,60,-36.72,-73.12,68.0,10.29
88,Turukhansk,80,RU,1553270972,91,65.8,87.96,27.55,8.79
89,Avarua,92,CK,1553268600,88,-21.21,-159.78,80.6,5.82
90,Yellowknife,20,CA,1553270629,80,62.45,-114.38,32.0,13.87
91,Newport,90,GB,1553270528,81,51.59,-3.0,55.0,13.87
92,Meulaboh,32,ID,1553270966,100,4.14,96.13,82.27,3.2
93,Baykit,76,RU,1553270973,84,61.68,96.39,23.59,10.02
94,Ponta do Sol,80,BR,1553270973,88,-20.63,-46.0,70.75,11.92
95,Old Shinyanga,0,TZ,1553270973,66,-3.56,33.41,85.87,5.66
96,Ridgecrest,1,US,1553270763,75,35.62,-117.67,51.01,1.97
97,Batagay-Alyta,32,RU,1553270974,50,67.8,130.41,-19.26,2.75
98,Vila Franca do Campo,20,PT,1553268600,82,37.72,-25.43,60.8,8.05
99,Brae,8,GB,1553269800,66,60.4,-1.35,48.2,31.09
100,Hay River,40,CA,1553266800,74,60.82,-115.79,33.8,6.93
101,Butaritari,88,KI,1553270974,100,3.07,172.79,79.93,2.75
102,Castro,75,CL,1553270400,77,-42.48,-73.76,59.0,12.75
103,Atuona,68,PF,1553270975,100,-9.8,-139.03,81.37,13.82
104,Kruisfontein,0,ZA,1553270975,80,-34.0,24.73,69.85,13.04
105,Constitucion,20,MX,1553270416,34,23.99,-104.67,60.01,4.7
106,Hilo,90,US,1553270958,88,19.71,-155.08,64.99,14.83
107,Kununurra,0,AU,1553268600,48,-15.77,128.74,87.8,3.36
108,Pasighat,92,IN,1553270976,96,28.06,95.33,54.73,1.63
109,Makakilo City,90,US,1553270671,77,21.35,-158.09,73.4,3.36
110,Manaus,75,BR,1553270400,89,-3.13,-59.98,84.2,4.7
111,Benjamin Hill,12,MX,1553270734,59,30.17,-111.1,59.0,1.01
112,Buchanan,75,LR,1553266800,70,5.88,-10.05,84.2,5.82
113,Gimli,0,CA,1553270723,70,50.63,-96.99,36.0,5.99
114,Faanui,76,PF,1553270978,100,-16.48,-151.75,83.98,9.8
115,Lorengau,88,PG,1553270978,97,-2.02,147.27,82.9,9.35
116,Hobyo,0,SO,1553270978,74,5.35,48.53,81.37,13.94
117,Ondangwa,40,NA,1553266800,14,-17.91,15.98,102.2,4.7
118,Zyryanka,24,RU,1553270979,75,65.73,150.89,-3.51,6.67
119,Belmonte,0,PT,1553270611,35,40.36,-7.35,69.01,5.99
120,Jiuquan,0,CN,1553270893,68,39.73,98.49,16.21,4.21
121,Cerritos,90,US,1553270966,76,33.86,-118.05,57.99,1.19
122,Georgetown,75,GY,1553270400,66,6.8,-58.16,86.0,16.11
123,Kysyl-Syr,76,RU,1553270980,82,63.9,122.77,15.49,7.78
124,Buta,20,CD,1553270980,43,2.79,24.73,91.54,2.75
125,Huarmey,32,PE,1553270980,61,-10.07,-78.15,75.7,3.65
126,Bratsk,64,RU,1553270595,64,56.15,101.63,32.0,11.18
127,Edgewater,1,US,1553270801,34,28.99,-80.9,71.01,13.87
128,Bethel,1,US,1553270160,80,60.79,-161.76,39.2,8.05
129,Saint-Georges,76,CA,1553270484,93,46.12,-70.67,34.0,3.0
130,Albury,12,AU,1553270723,88,-36.08,146.92,64.99,6.33
131,Kalengwa,0,ZM,1553270982,43,-13.47,25.0,86.68,10.02
132,Narasannapeta,0,IN,1553270982,90,18.42,84.04,73.45,2.75
133,Narrabri,24,AU,1553266800,38,-30.33,149.78,75.2,5.82
134,Harrisburg,90,US,1553270816,52,40.27,-76.89,46.0,21.92
135,Lufilufi,88,WS,1553268786,74,-13.87,-171.6,80.01,8.99
136,Chuy,68,UY,1553270984,100,-33.69,-53.46,68.95,4.32
137,Naze,48,NG,1553270984,78,5.43,7.07,87.04,9.69
138,Smolenskoye,0,RU,1553270984,66,52.31,85.08,22.15,1.07
139,Manama,0,AE,1553270400,50,25.33,56.02,81.0,10.29
140,Dauphin,1,CA,1553266800,86,51.15,-100.04,33.8,4.7
141,Laurel,40,US,1553270802,74,45.67,-108.77,37.99,9.17
142,Muros,20,ES,1553270929,34,42.77,-9.06,66.2,5.82
143,Goderich,56,CA,1553270906,85,43.74,-81.71,36.0,15.01
144,Chernyshevskiy,88,RU,1553270986,86,63.01,112.47,22.6,7.56
145,Paamiut,88,GL,1553270590,99,61.99,-49.67,28.9,17.74
146,Kaitangata,92,NZ,1553270566,88,-46.28,169.85,56.08,3.2
147,Erenhot,0,CN,1553270986,53,43.65,111.97,13.15,7.78
148,Ingham,92,AU,1553270986,100,-18.65,146.16,77.5,7.0
149,Henties Bay,0,NA,1553270527,84,-22.12,14.28,63.0,3.0
150,Rawson,0,AR,1553270722,47,-43.3,-65.11,70.3,11.81
151,Zary,0,PL,1553270843,72,51.64,15.14,57.99,3.0
152,Norwich,75,GB,1553270806,76,52.63,1.29,55.0,14.99
153,Flinders,40,AU,1553270830,100,-34.58,150.85,71.01,8.05
154,Zhoukou,80,CN,1553270987,51,33.63,114.64,50.59,7.45
155,Oksfjord,40,NO,1553270705,55,70.24,22.35,34.0,34.45
156,Bedesa,12,ET,1553270988,19,8.9,40.78,82.09,3.2
157,Nepa Nagar,0,IN,1553270988,24,21.47,76.4,75.25,5.66
158,Bambous Virieux,75,MU,1553270941,78,-20.34,57.76,82.4,12.75
159,Yerbogachen,88,RU,1553270988,88,61.28,108.01,27.46,7.9
160,Alice Springs,0,AU,1553268600,19,-23.7,133.88,75.2,5.99
161,Yulara,0,AU,1553266800,17,-25.24,130.99,86.0,9.17
162,Port Moresby,44,PG,1553270989,92,-9.47,147.16,83.62,13.6
163,Klaksvik,8,FO,1553269800,65,62.23,-6.59,41.0,24.16
164,Taltal,0,CL,1553270989,81,-25.41,-70.49,68.23,2.19
165,Hami,76,CN,1553270990,53,42.84,93.51,37.9,0.63
166,Pochutla,20,MX,1553270491,65,15.74,-96.47,87.01,1.19
167,Peterhead,0,AU,1553270618,88,-34.83,138.5,73.99,3.36
168,Veraval,0,FR,1553270927,48,49.65,0.71,62.01,3.36
169,Wum,76,CM,1553270990,100,6.39,10.08,71.02,3.53
170,Mar del Plata,24,AR,1553270990,51,-46.43,-67.52,67.15,6.67
171,Svetlogorsk,0,RU,1553268600,79,53.14,59.15,32.0,2.24
172,Ormara,48,PK,1553270788,81,25.21,64.64,74.17,7.9
173,Pangnirtung,20,CA,1553266800,61,66.15,-65.72,-18.41,9.17
174,Pandan,0,PH,1553270991,97,11.72,122.09,80.92,12.37
175,Cherskiy,0,RU,1553270991,34,68.75,161.3,-23.13,2.42
176,Carlton,20,US,1553270922,55,46.66,-92.42,36.0,3.36
177,Kalmanka,0,RU,1553268600,69,52.9,83.53,32.0,11.18
178,Balabac,0,PH,1553270549,97,7.99,117.06,82.9,8.79
179,Surgana,0,IN,1553270992,36,20.56,73.64,74.44,6.11
180,Hambantota,20,LK,1553267400,94,6.12,81.12,80.6,2.24
181,Lompoc,90,US,1553270938,100,34.64,-120.46,55.0,3.53
182,Esperance,75,TT,1553270455,58,10.24,-61.45,87.8,11.41
183,Opuwo,64,NA,1553270993,23,-18.06,13.84,90.64,2.3
184,Nykoping,0,SE,1553269800,48,58.75,17.01,51.8,12.75
185,Bridlington,75,GB,1553270942,62,54.08,-0.19,57.2,19.46
186,Sao Filipe,0,CV,1553270994,92,14.9,-24.5,72.1,13.6
187,Methoni,0,GR,1553270742,52,36.82,21.7,66.99,3.42
188,Ostrovnoy,0,RU,1553270994,91,68.05,39.51,28.0,11.03
189,New Norfolk,75,AU,1553270955,82,-42.78,147.06,62.6,5.82
190,Okha,64,RU,1553270994,88,53.59,142.95,1.81,8.46
191,Ipaba,75,BR,1553266800,78,-19.41,-42.42,78.8,11.41
192,Alofi,90,NU,1553266800,83,-19.06,-169.92,75.2,8.05
193,Menongue,80,AO,1553270995,28,-14.66,17.68,87.04,4.09
194,Padang,40,ID,1553268600,83,-0.92,100.36,80.6,6.93
195,Nantucket,90,US,1553270718,100,41.28,-70.1,43.0,13.87
196,Namibe,0,AO,1553270995,97,-15.19,12.15,79.39,8.34
197,Xiantao,76,CN,1553270996,93,30.37,113.44,45.46,7.0
198,Tiksi,68,RU,1553270996,75,71.64,128.87,7.03,6.22
199,Touros,40,BR,1553270400,70,-5.2,-35.46,86.0,11.41
200,Beberibe,40,BR,1553270746,70,-4.18,-38.13,86.0,11.41
201,Ilulissat,40,GL,1553266200,39,69.22,-51.1,-7.61,8.05
202,Boyolangu,92,ID,1553270997,96,-8.09,111.9,72.1,2.98
203,Te Anau,12,NZ,1553270997,91,-45.41,167.72,51.31,3.2
204,Tuatapere,56,NZ,1553270407,89,-46.13,167.69,61.0,2.3
205,Springbok,12,ZA,1553270997,11,-29.67,17.88,92.17,4.43
206,Abu Samrah,32,SY,1553270997,60,35.3,37.18,65.53,2.08
207,Carauari,12,BR,1553270998,74,-4.88,-66.9,87.49,3.76
208,Sitka,88,US,1553270504,60,37.17,-99.65,53.01,8.01
209,Punta de Bombon,20,PE,1553270998,100,-17.17,-71.79,68.5,3.87
210,Gizo,20,IL,1553270977,72,31.8,34.94,66.0,9.17
211,Aswan,0,EG,1553266800,24,24.09,32.9,91.4,5.82
212,Wankaner,0,IN,1553266298,16,22.62,70.95,90.0,5.44
213,Saint-Augustin,0,FR,1553270720,38,44.83,-0.61,70.0,6.93
214,Eslov,0,SE,1553270905,81,55.84,13.3,48.2,11.41
215,Isangel,88,VU,1553266800,94,-19.55,169.27,77.0,8.05
216,La Ronge,20,CA,1553266800,69,55.1,-105.3,33.8,6.93
217,Qaanaaq,0,GL,1553270937,79,77.48,-69.36,-26.91,10.36
218,Victor Harbor,0,AU,1553270997,88,-35.55,138.62,70.0,3.65
219,Iskateley,88,RU,1553271000,88,67.68,53.15,25.75,1.41
220,Vardo,90,US,1553270903,56,39.62,-77.74,48.0,17.22
221,Puerto Escondido,20,MX,1553265660,65,15.86,-97.07,82.4,1.63
222,Namatanai,56,PG,1553271001,99,-3.66,152.44,82.72,3.65
223,Wagga Wagga,88,AU,1553270462,88,-35.12,147.37,64.4,8.05
224,Fortuna,0,ES,1553270984,45,38.18,-1.13,68.0,10.29
225,Darhan,0,MN,1553270804,63,49.49,105.92,15.22,5.88
226,Sinuapa,0,HN,1553271006,57,14.45,-89.18,72.73,4.43
227,Khovu-Aksy,0,RU,1553271006,67,51.13,93.72,6.4,2.53
228,Sehithwa,12,BW,1553271006,20,-20.47,22.7,97.48,10.25
229,Arles,0,FR,1553270529,26,43.68,4.63,73.4,8.05
230,Gat,20,SN,1553268600,57,14.69,-16.54,77.0,14.99
231,Tazovskiy,88,RU,1553271007,97,67.47,78.7,24.49,5.77
232,Ambilobe,56,MG,1553271007,100,-13.19,49.05,75.7,2.98
233,Pierre,1,US,1553270929,80,44.37,-100.35,33.8,5.82
234,Vallenar,0,CL,1553271007,70,-28.58,-70.76,68.77,2.75
235,Pevek,0,RU,1553271007,66,69.7,170.27,-22.5,4.88
236,San Policarpo,32,PH,1553271008,95,12.18,125.51,76.6,9.24
237,Lavrentiya,88,RU,1553270711,100,65.58,-170.99,9.1,33.84
238,Roald,75,NO,1553271004,71,62.58,6.12,53.6,18.34
239,Cayenne,20,GF,1553270400,59,4.94,-52.33,89.6,14.99
240,Maumere,0,ID,1553271009,96,-8.63,122.22,83.35,12.37
241,Lagoa,0,PT,1553270828,45,37.14,-8.45,71.01,12.75
242,Never,0,RU,1553271009,64,53.98,124.16,2.08,2.98
243,Victoria,75,BN,1553268600,88,5.28,115.24,77.0,4.7
244,Airai,20,TL,1553270764,88,-8.93,125.41,69.67,1.52
245,Maragogi,8,BR,1553271010,74,-9.01,-35.22,90.64,9.8
246,Ponnampet,80,IN,1553271010,58,12.15,75.93,80.47,0.63
247,Camocim,64,BR,1553271011,94,-2.9,-40.84,81.64,6.22
248,Udachnyy,64,RU,1553270777,84,66.42,112.4,18.19,5.66
249,Parana,75,BR,1553270400,70,-7.52,-72.89,87.8,3.36
250,Campo Largo,90,BR,1553270725,88,-25.46,-49.53,69.01,10.29
251,Kosonsoy,8,UZ,1553268600,66,41.25,71.55,55.4,9.17
252,Hashtrud,20,IR,1553271011,55,37.48,47.05,41.14,4.09
253,Auchi,12,NG,1553271012,49,7.07,6.27,95.5,5.21
254,Ahipara,12,NZ,1553271012,100,-35.17,173.16,59.77,3.09
255,Zaragoza,0,ES,1553270716,28,41.65,-0.88,68.0,8.05
256,Bath,90,GB,1553271011,81,51.38,-2.36,55.0,8.05
257,Khani,90,GE,1553270400,93,41.96,42.96,46.4,12.75
258,Ust-Nera,44,RU,1553270744,52,64.57,143.24,-20.79,0.85
259,Artigas,0,BR,1553271013,71,-30.4,-56.46,70.84,7.45
260,Vanimo,88,PG,1553271013,100,-2.67,141.3,79.75,12.71
261,Finschhafen,48,PG,1553271013,93,-6.6,147.85,72.64,2.64
262,Peniche,0,PT,1553270738,28,39.36,-9.38,71.6,12.75
263,Shimoda,64,JP,1553270574,70,34.7,138.93,46.0,1.99
264,Tripoli,0,GR,1553270742,52,37.51,22.37,66.99,3.31
265,Franklin,1,US,1553271004,46,35.93,-86.87,57.0,9.17
266,Beloha,92,MG,1553271014,95,-25.17,45.06,71.74,10.47
267,The Valley,20,AI,1553270553,61,18.22,-63.06,84.2,14.99
268,Shu,8,KZ,1553271014,26,43.6,73.76,56.08,15.61
269,Kavaratti,0,IN,1553270439,100,10.57,72.64,83.98,9.24
270,Waingapu,36,ID,1553271015,92,-9.65,120.26,77.14,6.22
271,Saint George,20,GR,1553270599,58,39.45,22.34,61.0,9.17
272,Sola,75,NO,1553271002,93,58.89,5.65,45.0,19.46
273,Tungor,64,RU,1553270761,88,53.39,142.95,1.81,8.46
274,Ostersund,0,SE,1553270508,60,63.18,14.64,39.2,9.17
275,Kristiansund,75,NO,1553269800,54,63.12,7.73,53.6,21.92
276,Banbury,90,GB,1553270896,76,52.06,-1.34,55.0,11.41
277,Kudat,75,MY,1553266800,88,6.89,116.84,78.8,3.36
278,Basco,1,US,1553270847,57,40.33,-91.2,48.2,12.75
279,Svalyava,75,UA,1553270515,51,48.55,22.99,59.0,6.71
280,Yanam,0,IN,1553266800,65,16.73,82.22,82.4,5.82
281,Lasa,20,CY,1553268600,63,34.92,32.53,68.0,3.36
282,Chegdomyn,36,RU,1553271017,47,51.13,133.04,8.47,4.43
283,Cabedelo,75,BR,1553270400,55,-6.97,-34.84,89.6,9.17
284,Torbay,75,CA,1553270603,64,47.66,-52.73,39.99,16.11
285,Corrales,56,CO,1553271018,87,5.83,-72.84,58.15,2.42
286,Inhambane,40,MZ,1553266800,66,-23.87,35.38,84.2,4.7
287,Sept-Iles,90,CA,1553270005,86,50.2,-66.38,36.0,5.82
288,Nanortalik,88,GL,1553271018,97,60.14,-45.24,32.77,25.57
289,Vostok,76,RU,1553271018,83,46.45,135.83,12.88,2.19
290,Novikovo,44,UA,1553271019,79,45.05,34.56,47.89,8.23
291,Edgecumbe,92,NZ,1553271018,96,-37.98,176.83,64.0,4.0
292,High Level,20,CA,1553266800,79,58.52,-117.13,28.4,2.24
293,Daokou,8,CN,1553271019,74,35.61,105.12,22.87,3.09
294,Sinjhoro,40,PK,1553270400,54,26.03,68.81,78.8,8.05
295,Paita,0,PE,1553270400,290,-5.09,-81.11,62.6,3.2
296,Jardim,8,BR,1553270905,87,-21.48,-56.15,78.94,7.45
297,Namwala,0,ZM,1553271020,30,-15.75,26.45,91.72,12.82
298,College,75,US,1553271006,64,64.86,-147.8,42.01,6.93
299,Yatou,40,CM,1553266800,70,3.63,9.81,84.2,3.36
300,Trincomalee,12,LK,1553271020,77,8.58,81.23,81.1,7.45
301,Grand Gaube,75,MU,1553270941,78,-20.01,57.66,82.4,12.75
302,Thinadhoo,0,MV,1553270738,100,0.53,72.93,85.96,7.45
303,Dali,8,CN,1553271021,75,25.6,100.24,51.67,3.09
304,Port Blair,0,IN,1553271021,97,11.67,92.75,84.52,10.25
305,Timizart,88,DZ,1553270674,61,36.8,4.25,57.0,3.0
306,Corato,0,IT,1553271017,76,41.15,16.41,59.0,11.41
307,Yar-Sale,36,RU,1553270307,69,66.83,70.83,11.53,5.32
308,Faya,20,SA,1553266800,49,18.39,42.45,69.8,9.17
309,Praya,75,ID,1553270400,94,-8.71,116.27,78.8,3.36
310,Gasa,0,BT,1553271022,71,27.91,89.73,5.68,3.53
311,Kasama,36,ZM,1553271022,94,-10.21,31.19,71.38,4.54
312,Bandarbeyla,0,SO,1553271023,100,9.49,50.81,78.85,8.79
313,Juneau,75,US,1553270160,93,58.3,-134.42,39.2,0.74
314,Saint-Joseph,0,FR,1553270746,25,43.56,6.97,69.8,4.7
315,Longyearbyen,75,NO,1553269800,74,78.22,15.63,28.4,12.75
316,San Juan,75,PH,1553270993,69,14.6,121.03,82.0,9.17
317,San Carlos de Bariloche,75,AR,1553270400,54,-41.13,-71.31,59.0,23.04
318,Caorle,0,IT,1553271005,72,45.6,12.88,70.0,4.7
319,Kalanguy,44,RU,1553271025,68,51.01,116.52,10.0,6.55
320,Chifeng,8,CN,1553271025,76,42.27,118.96,22.15,7.67
321,Mackay,20,CA,1553266800,80,53.65,-115.58,30.2,5.82
322,Shagonar,0,RU,1553271025,74,51.54,92.92,14.59,1.3
323,Luganville,48,VU,1553271025,100,-15.51,167.18,78.94,8.57
324,Puerto Quijarro,75,BO,1553270400,69,-19.0,-57.72,86.0,5.82
325,San Patricio,8,PY,1553271026,72,-26.98,-56.83,73.81,3.42
326,Fuyang,40,CN,1553270840,70,30.05,119.96,50.0,6.71
327,Quatre Cocos,75,MU,1553270341,78,-20.21,57.76,82.4,12.75
328,Khandyga,0,RU,1553271026,47,62.65,135.58,-16.56,2.75
329,Guerrero Negro,8,MX,1553271026,89,27.97,-114.04,56.71,13.49
330,Tigil,80,RU,1553271027,71,57.8,158.67,19.09,11.36
331,Fairbanks,75,US,1553270153,64,64.84,-147.72,42.01,3.36
332,Sao Jose da Coroa Grande,8,BR,1553271027,74,-8.9,-35.15,90.64,9.8
333,Kamuli,8,UG,1553271027,48,0.94,33.12,87.85,4.43
334,Kang,0,BW,1553271028,14,-23.67,22.79,96.94,4.76
335,Istok,8,PL,1553271001,52,52.66,23.48,50.0,3.0
336,Cap-Chat,88,CA,1553271028,86,49.1,-66.68,32.59,2.64
337,Chumphon,8,TH,1553271028,73,10.5,99.18,77.95,4.43
338,Northam,75,GB,1553271007,81,51.04,-4.21,54.0,8.05
339,San Cristobal,75,EC,1553269588,82,-0.39,-78.55,59.0,4.7
340,Bure,20,NG,1553271029,17,10.52,10.33,104.32,4.88
341,Beni Mazar,80,EG,1553270939,20,28.5,30.8,81.19,6.67
342,Bolshoy Lug,0,RU,1553270798,68,52.08,104.09,24.8,4.47
343,Kirkenes,0,NO,1553269800,67,69.73,30.05,33.8,36.91
344,Dawson Creek,1,CA,1553266800,86,55.76,-120.23,32.0,2.24
345,Mitsamiouli,20,KM,1553266800,66,-11.38,43.28,87.8,4.7
346,Burns Lake,68,CA,1553271030,78,54.23,-125.76,28.72,1.97
347,Lhokseumawe,12,ID,1553271030,95,5.18,97.15,84.97,9.8
348,Helong,92,CN,1553271030,99,25.94,116.13,55.54,4.43
349,Pontianak,40,ID,1553266800,83,-0.02,109.34,78.8,5.99
350,Camacha,40,PT,1553268600,59,33.08,-16.33,66.2,20.8
351,Luanda,20,AO,1553266800,74,-8.83,13.24,87.8,13.87
352,Tshela,56,CD,1553271031,79,-4.99,12.94,84.16,6.44
353,Nelson Bay,0,AU,1553271026,93,-32.72,152.14,64.99,2.3
354,Okhotsk,76,RU,1553270816,98,59.36,143.24,14.77,5.66
355,Nueve de Julio,0,AR,1553271032,48,-31.67,-68.39,71.83,2.75
356,Nata,20,CY,1553269587,63,34.78,32.57,68.0,3.36
357,Bay Roberts,75,CA,1553270603,64,47.58,-53.28,39.99,16.11
358,Palmer,0,AU,1553271004,88,-34.85,139.16,73.0,7.78
359,Ketchikan,90,US,1553270160,87,55.34,-131.65,46.4,4.7
360,Aguimes,20,ES,1553270733,56,27.91,-15.45,71.01,32.21
361,Hualmay,0,PE,1553271033,76,-11.1,-77.61,75.34,4.88
362,Del Rio,90,US,1553270160,72,29.36,-100.9,66.2,18.34
363,Vangaindrano,92,MG,1553271033,94,-23.35,47.6,73.81,4.21
364,Mumford,32,GH,1553270814,72,5.26,-0.76,88.39,9.01
365,Bijawar,0,IN,1553271034,32,24.62,79.49,74.53,6.33
366,Goure,0,NE,1553271034,14,13.98,10.27,106.66,4.43
367,Porto Belo,75,BR,1553271004,78,-27.15,-48.54,75.0,8.05
368,Rafai,0,CF,1553271034,35,4.95,23.92,96.22,7.0
369,Qorveh,68,IR,1553271035,42,35.17,47.8,46.45,4.76
370,Havoysund,40,NO,1553269800,69,71.0,24.66,33.8,23.04
371,Nome,1,US,1553270620,52,30.04,-94.42,71.01,6.93
372,Kathu,0,ZA,1553269533,20,-27.7,23.05,88.0,6.67
373,Houston,1,US,1553270998,49,29.76,-95.37,73.0,4.7
374,Cotonou,8,BJ,1553271035,72,6.37,2.43,91.09,4.99
375,Mehamn,75,NO,1553269800,69,71.03,27.85,33.8,24.16
376,Kaeo,12,NZ,1553270885,95,-35.1,173.78,55.99,1.52
377,Nioro,0,GM,1553271036,35,13.79,-15.05,94.24,4.65
378,Santa Marinella,0,IT,1553271016,45,42.04,11.87,71.01,14.99
379,Semirom,0,IR,1553271036,34,31.41,51.57,36.73,3.87
380,Khonsa,48,IN,1553271037,91,26.99,95.51,59.14,1.74
381,Jinji,100,CN,1553271037,98,22.16,112.49,68.77,3.53
382,Machico,20,PT,1553270587,59,32.7,-16.77,66.2,19.46
383,Daman,0,IN,1553271037,93,20.42,72.83,79.12,11.92
384,High Wycombe,90,GB,1553271026,81,51.63,-0.75,53.6,11.41
385,Aklavik,90,CA,1553266800,84,68.22,-135.01,8.6,4.7
386,Souillac,0,FR,1553270787,28,45.6,-0.6,69.01,3.36
387,Ust-Tsilma,64,RU,1553271038,82,65.44,52.15,32.5,4.21
388,Port Hawkesbury,75,CA,1553271034,93,45.62,-61.36,45.0,14.99
389,Anchorage,75,US,1553271015,60,61.22,-149.89,42.8,6.93
390,Qaqortoq,90,GL,1553266200,78,60.72,-46.03,15.8,6.93
391,Brigantine,90,US,1553271029,93,39.41,-74.36,48.0,27.51
392,Tiznit,0,MA,1553271039,77,29.7,-9.73,71.29,5.32
393,Lexington Park,40,US,1553271038,88,38.26,-76.45,54.0,34.45
394,Karratha,92,AU,1553271039,69,-20.74,116.85,83.62,20.42
395,Manoel Urbano,36,BR,1553270717,78,-8.84,-69.26,84.25,2.98
396,Buarcos,0,PT,1553270783,19,40.16,-8.88,71.6,3.36
397,Bayevo,0,RU,1553271039,66,53.27,80.77,16.3,6.44
398,Wencheng,92,CN,1553271040,100,27.79,120.09,44.29,2.42
399,Bundaberg,12,AU,1553271011,88,-24.87,152.35,79.0,4.7
400,Khuzdar,32,PK,1553271040,38,27.8,66.62,59.59,5.32
401,Santa Rosa,0,AR,1553271044,72,-36.62,-64.29,70.48,7.56
402,Kirakira,44,SB,1553271044,99,-10.46,161.92,84.79,10.69
403,Bosaso,0,SO,1553271044,100,11.28,49.18,78.49,2.98
404,Shache,0,CN,1553270939,63,38.42,77.24,46.99,1.99
405,Jos,68,NG,1553271044,25,9.92,8.9,93.07,5.44
406,Imbituba,75,BR,1553270400,69,-28.24,-48.67,73.4,5.82
407,Maureni,0,RO,1553270950,25,45.4,21.5,63.0,12.75
408,Pangoa,92,PE,1553271045,100,-12.12,-73.0,67.6,1.19
409,Serov,80,RU,1553271045,84,59.61,60.57,34.21,3.31
410,Clyde River,90,CA,1553266800,62,70.47,-68.59,-16.61,5.1
411,Beringovskiy,36,RU,1553270392,80,63.05,179.32,-1.44,20.98
412,Kavieng,76,PG,1553271045,100,-2.57,150.8,83.62,7.23
413,Mount Isa,40,AU,1553270400,54,-20.73,139.49,82.4,11.41
414,Hofn,75,IS,1553266800,52,64.25,-15.21,41.0,31.09
415,Ibra,8,OM,1553271046,42,22.69,58.55,75.79,3.98
416,Damara,40,CF,1553266800,47,4.96,18.7,95.0,6.93
417,Khasan,32,RU,1553271046,100,42.43,130.64,24.22,2.64
418,Basse,0,DE,1553271017,55,52.55,9.51,66.2,5.82
419,Oistins,75,BB,1553270400,74,13.07,-59.53,80.6,20.8
420,Acapulco,75,MX,1553265660,57,16.86,-99.88,80.6,5.82
421,Barcelona,20,ES,1553270766,45,41.38,2.18,69.01,13.87
422,Jacksonville,1,US,1553271016,31,30.33,-81.66,68.0,14.99
423,Vanavara,88,RU,1553271047,83,60.35,102.28,30.52,10.02
424,Pedernales,92,EC,1553271048,90,0.07,-80.05,76.24,4.88
425,Breves,76,BR,1553270944,85,-1.68,-50.48,83.17,6.33
426,Kieta,68,PG,1553271048,100,-6.22,155.63,77.05,3.53
427,Richards Bay,88,ZA,1553270509,100,-28.77,32.06,70.12,4.21
428,Hamilton,40,BM,1553270319,73,32.3,-64.78,73.0,13.87
429,Katsuura,75,JP,1553269297,52,33.93,134.5,46.4,17.22
430,Sobolevo,80,RU,1553271048,55,54.43,31.9,37.09,25.23
431,Zhigansk,68,RU,1553271049,79,66.77,123.37,10.27,14.5
432,Iqaluit,5,CA,1553270569,61,63.75,-68.52,-20.01,20.8
433,Axim,32,GH,1553271049,92,4.87,-2.24,84.97,15.05
434,Matara,75,PE,1553270400,57,-13.74,-72.9,51.8,2.42
435,Shizunai,36,JP,1553271049,88,42.33,142.37,23.32,10.8
436,Gitega,40,BI,1553266800,58,-3.43,29.93,86.0,2.24
437,Xining,36,CN,1553271050,65,36.62,101.77,22.87,5.21
438,Adamovka,20,RU,1553271050,85,51.52,59.94,29.35,2.75
439,Nguruka,8,TZ,1553271050,64,-5.11,31.04,83.98,2.53
440,Xinqing,0,CN,1553271050,53,48.28,129.53,9.1,3.76
441,Vila Velha,40,BR,1553270746,70,-3.71,-38.6,86.0,11.41
442,Auki,24,NG,1553271050,23,12.18,6.51,100.45,6.44
443,Springfield,1,US,1553270764,64,37.22,-93.29,57.99,6.22
444,York,40,GB,1553271025,71,53.96,-1.08,57.2,20.8
445,Eyl,0,SO,1553271051,89,7.98,49.82,80.11,11.92
446,Mchinji,68,MW,1553271051,80,-13.8,32.89,74.44,7.9
447,Portland,40,US,1553271050,81,45.52,-122.67,48.99,3.36
448,Huntington Station,90,US,1553271050,81,40.85,-73.41,44.01,9.17
449,Upata,0,VE,1553271052,47,8.02,-62.41,87.67,7.9
450,Jojoima,24,SL,1553271052,53,7.88,-10.79,88.75,6.67
451,Pilar,20,AR,1553271001,46,-34.46,-58.91,73.0,5.82
452,Taoudenni,80,ML,1553271053,13,22.68,-3.98,88.3,11.92
453,Klyuchi,0,RU,1553271053,87,52.25,79.17,26.2,6.78
454,Codrington,90,AU,1553270799,94,-28.95,153.24,71.6,2.64
455,Talnakh,0,RU,1553271054,60,69.49,88.39,1.09,4.76
456,Sinjar,32,SY,1553271054,60,35.59,37.0,65.53,2.08
457,Verkhnevilyuysk,76,RU,1553271054,83,63.45,120.31,18.19,7.67
458,Launceston,0,AU,1553270713,87,-41.43,147.14,60.01,6.93
459,Pampa,75,US,1553270510,46,35.54,-100.96,57.0,18.34
460,Ouegoa,92,NC,1553271055,84,-20.34,164.44,79.21,6.67
461,Nadym,0,RU,1553271055,72,65.53,72.51,19.27,6.11
462,Moron,36,VE,1553271055,74,10.49,-68.2,75.52,3.42
463,Hailar,56,CN,1553271035,36,49.2,119.7,17.38,7.9
464,Bose,0,IT,1553271051,24,45.46,8.01,71.01,3.36
465,Tabou,64,CI,1553271056,99,4.42,-7.36,83.62,15.05
466,Santa Maria da Vitoria,88,BR,1553271056,92,-13.39,-44.19,80.47,2.75
467,Blackfoot,90,US,1553271003,86,43.19,-112.35,39.99,6.93
468,Sarakhs,68,TM,1553266800,100,36.54,61.16,46.4,6.93
469,Ponta Delgada,20,PT,1553268600,82,37.73,-25.67,60.8,8.05
470,Nogales,1,US,1553271044,43,31.34,-110.94,55.0,4.7
471,Grand-Lahou,20,CI,1553271057,65,5.24,-5.0,88.75,7.34
472,Cazzago San Martino,0,IT,1553271015,27,45.58,10.03,69.01,4.7
473,Harper,1,US,1553270420,55,30.3,-99.24,66.99,10.29
474,San Javier,0,ES,1553271018,55,37.81,-0.83,68.0,8.05
475,Necochea,48,AR,1553270190,39,-38.55,-58.74,73.99,7.0
476,Morondava,12,MG,1553271058,64,-20.3,44.28,88.57,8.68
477,Bud,75,NO,1553270584,54,62.91,6.91,53.6,17.22
478,Chiang Klang,0,TH,1553271059,72,19.29,100.86,68.32,1.86
479,Amvrosiyivka,92,UA,1553271059,62,47.79,38.48,45.19,15.95
480,Providencia,90,CO,1553266800,93,1.24,-77.6,62.6,3.36
481,Bagdarin,24,RU,1553271059,51,54.44,113.59,10.45,5.66
482,Lamu,24,ID,1553271060,100,0.57,122.3,73.09,2.42
483,Athabasca,0,CA,1553271033,67,54.72,-113.29,24.31,2.86
484,Broome,75,GB,1553270666,76,52.47,1.45,55.0,14.99
485,Nimaparha,20,IN,1553268600,94,20.07,86.02,80.6,5.82
486,Tessalit,76,ML,1553271060,14,20.2,1.01,86.59,11.03
487,Melbu,75,NO,1553270469,69,68.5,14.83,39.99,23.04
488,Auka,40,HN,1553266800,74,14.93,-83.83,82.4,9.17
489,Kulhudhuffushi,0,MV,1553271061,99,6.62,73.07,85.06,7.45
490,Mineral Wells,40,US,1553271034,42,32.81,-98.11,66.99,5.82
491,Porto de Moz,56,BR,1553270954,76,-1.75,-52.24,85.24,7.78
492,Qinzhou,0,CN,1553271061,81,21.96,108.62,69.4,12.48
493,Shar,24,NG,1553271061,48,7.3,8.73,95.95,5.21
494,Turayf,20,SA,1553266800,34,31.68,38.65,68.0,16.11
495,Pocoes,75,BR,1553266800,83,-14.53,-40.37,73.4,6.93
496,Adrar,0,DZ,1553266800,26,27.87,-0.29,71.6,13.87
497,Kargasok,32,RU,1553271062,86,59.06,80.87,23.77,2.19
498,Sydney,76,AU,1553270706,100,-33.85,151.22,66.99,1.12
499,Pattoki,24,PK,1553270862,51,31.02,73.85,68.77,5.1
500,Jobner,0,IN,1553270400,25,26.97,75.39,77.0,7.67
501,Goulburn,76,AU,1553271025,96,-34.75,149.72,55.0,2.75
502,Mutis,88,CO,1553271062,98,6.23,-77.4,77.77,5.66
503,Pyapon,0,MM,1553271063,66,16.29,95.68,82.09,13.94
504,Tahe,8,CN,1553270548,52,52.34,124.71,6.67,4.21
505,Vestmannaeyjar,75,IS,1553266200,86,63.44,-20.27,33.8,41.38
506,Leningradskiy,48,RU,1553271063,81,69.38,178.42,-12.87,3.53
507,Dingle,0,PH,1553271063,69,11.0,122.67,77.95,11.48
508,San Jose,12,PH,1553270924,78,15.79,120.99,71.74,2.42
509,Weyburn,0,CA,1553271065,83,49.67,-103.85,26.92,11.03
510,Port Macquarie,40,AU,1553271004,93,-31.43,152.91,71.01,1.12
511,Tura,0,IN,1553270559,79,25.52,90.21,67.42,4.43
512,Grand-Santi,8,GF,1553271066,61,4.27,-54.38,86.5,2.98
513,Aracataca,75,CO,1553266800,78,10.59,-74.19,82.4,4.7
514,Aksu,0,KZ,1553268600,100,52.04,76.93,28.4,6.71
515,Pangkalanbuun,64,ID,1553271067,83,-2.68,111.62,77.05,7.23
516,Saint-Felicien,90,CA,1553270561,96,48.65,-72.45,37.0,3.36
517,Asosa,48,ET,1553271068,14,10.07,34.53,95.5,4.43
518,Hendersonville,1,US,1553271028,46,36.3,-86.62,57.99,9.17
519,Deputatskiy,0,RU,1553271068,57,69.3,139.9,-34.11,2.75
520,Seminole,40,US,1553270483,82,32.72,-102.64,57.99,13.87
521,Yarmouth,75,GB,1553271056,87,50.71,-1.5,52.0,9.17
522,Cabinda,12,AO,1553271069,98,-5.56,12.19,84.34,12.37
523,Egvekinot,32,RU,1553271069,75,66.32,-179.17,-12.69,4.99
524,Susuman,64,RU,1553271069,65,62.78,148.15,-11.07,2.64
525,Los Llanos de Aridane,40,ES,1553271002,56,28.66,-17.92,68.0,18.34
526,Darnah,44,LY,1553270832,98,32.77,22.64,61.39,18.52
527,Mitu,8,IR,1553271070,56,36.2,46.09,42.58,4.21
528,Laguna,40,MX,1553265600,71,27.52,-110.01,57.2,2.24
529,Sur,12,OM,1553270269,92,22.57,59.53,74.26,3.98
530,Mao,40,DO,1553271035,74,19.55,-71.08,84.0,4.7
531,Tiarei,88,PF,1553270590,78,-17.53,-149.33,78.8,5.82
532,Bagotville,90,AU,1553270799,94,-28.98,153.42,71.6,4.43
533,Challans,0,FR,1553270826,36,46.85,-1.88,64.99,6.93
534,Niamey,8,NE,1553271071,16,13.52,2.11,102.25,11.14
535,Sharan,92,AF,1553271071,95,33.15,68.78,32.59,2.19
536,Riyadh,5,SA,1553270400,19,24.63,46.72,80.6,13.87
537,Teya,75,MX,1553270424,50,21.05,-89.07,78.01,3.36
538,Banjar,88,ID,1553271072,98,-7.37,108.54,71.02,0.74
539,Port-Gentil,75,GA,1553266800,88,-0.72,8.78,80.6,12.75
540,Nadvoitsy,64,RU,1553271072,76,63.89,34.27,32.77,10.47
541,Port Lincoln,0,AU,1553271073,100,-34.72,135.86,62.02,5.44
542,Tual,36,ID,1553271073,96,-5.67,132.75,84.7,15.84
543,Sabancuy,0,MX,1553271073,100,18.97,-91.18,75.34,14.05
544,Suwalki,0,PL,1553270402,65,54.11,22.93,48.0,13.15
545,Mikhaylovka,0,RU,1553271074,81,52.96,103.29,21.61,4.99
546,Dicabisagan,0,PH,1553271074,100,17.08,122.42,69.04,3.87
547,Raha,24,NG,1553271074,27,10.89,8.13,99.37,4.76
548,Saint Anthony,90,US,1553271003,86,43.97,-111.68,39.99,6.93
549,Marienburg,0,DE,1553271017,55,52.12,9.98,66.2,5.82
550,Ixtapa,5,MX,1553271019,68,20.71,-105.21,80.01,4.7
551,Muroto,0,JP,1553270493,100,33.37,134.14,44.38,14.27
552,Halifax,90,CA,1553271017,100,44.65,-63.58,46.99,20.8
553,Nishihara,75,JP,1553271010,49,35.74,139.53,52.0,23.04
554,Mazagao,75,BR,1553270400,66,-0.12,-51.29,89.6,11.41
555,Anadyr,8,RU,1553270594,75,64.73,177.51,-18.01,22.37
556,Berlevag,20,NO,1553269800,96,70.86,29.09,33.8,34.45
557,Plettenberg Bay,24,ZA,1553270981,93,-34.05,23.37,69.85,14.83
558,Sinnamary,88,GF,1553271076,92,5.38,-52.96,81.01,11.25
559,Kahului,40,US,1553270633,77,20.89,-156.47,71.01,16.11
560,Yingkou,80,CN,1553271076,76,40.67,122.24,29.89,3.31
561,Troitsko-Pechorsk,64,RU,1553271076,80,62.71,56.19,32.14,4.76
562,Colares,0,PT,1553271039,28,38.8,-9.45,71.01,11.41
563,Cockburn Town,32,TC,1553270836,96,21.46,-71.14,79.3,10.58
564,Nchelenge,36,ZM,1553270739,77,-9.35,28.74,81.55,2.42
565,Breytovo,88,RU,1553271077,94,58.3,37.86,32.5,20.87
566,Senanga,8,ZM,1553271077,21,-16.1,23.3,96.31,12.48
